"","Gene","logFC","AveExpr","t","P.Value","adj.P.Val","B"
"SP8","SP8",-1.1040003587827,2.45787237892745,-4.92215909873354,1.17002221859386e-06,0.0081694143895542,5.09166251360337
"SLC40A1","SLC40A1",0.51162114394539,11.6452012330055,4.87400938405213,1.47784213093259e-06,0.0081694143895542,4.88204934834767
"FRZB","FRZB",0.543077601567602,7.96900264946757,4.77561489401758,2.36759916063534e-06,0.0081694143895542,4.45948751034538
"ZDHHC3","ZDHHC3",0.254638219382482,10.7996563319614,4.77409586154497,2.38473773721762e-06,0.0081694143895542,4.45302500237246
"P2RY12","P2RY12",0.683861349251869,3.98785693370975,4.76669178691543,2.46999938239086e-06,0.0081694143895542,4.42155206603785
"TMEM37","TMEM37",0.542096767869253,8.07805296787397,4.70183719292838,3.35336730115992e-06,0.0081694143895542,4.14776388448064
"C9orf140","C9orf140",-0.525294290600957,8.33242579932216,-4.70147446754574,3.3590732991984e-06,0.0081694143895542,4.1462421842235
"KCNJ5","KCNJ5",0.676063177183734,5.43551137539526,4.68515894848777,3.62561371845274e-06,0.0081694143895542,4.07790582415133
"CHRDL1","CHRDL1",0.846710009774347,7.60816753420513,4.66443909899464,3.99352178078257e-06,0.0081694143895542,3.99143344264833
"CLEC9A","CLEC9A",0.583936647565762,2.27839173244483,4.6376953052602,4.52171245800445e-06,0.00832492480643198,3.88033611850401
"CREBL2","CREBL2",0.224376177526737,10.4903269002163,4.59106446373946,5.60714650818033e-06,0.00861072161446287,3.68801727970974
"CLIC2","CLIC2",0.483024774411868,9.23906398854923,4.58898527488028,5.66095508354453e-06,0.00861072161446287,3.6794833784521
"C11orf84","C11orf84",-0.271868918333785,8.9833620177341,-4.5734126772837,6.08002721134199e-06,0.00861072161446287,3.61567876243441
"ZNF311","ZNF311",0.589197673227753,4.95065292905049,4.52369487061026,7.62666650258249e-06,0.00944228129715678,3.41329918522971
"RCOR2","RCOR2",-0.748666219695459,5.59855844173052,-4.52178854501354,7.69291290301188e-06,0.00944228129715678,3.40557961730343
"GGTA1","GGTA1",0.450233668810789,7.09780316154643,4.47425772296238,9.53478665745286e-06,0.0107044509666391,3.21406901347273
"SLC1A3","SLC1A3",0.513967095319309,7.7649485838408,4.45506158163842,1.03926112200395e-05,0.0107044509666391,3.1372498155255
"PRKCB","PRKCB",0.479805329929305,8.02880660500005,4.42946024580051,1.16523010188648e-05,0.0107044509666391,3.03526978071779
"ARHGAP31","ARHGAP31",0.410822767100045,9.24640719939265,4.424630631872,1.19057840212649e-05,0.0107044509666391,3.01609203718205
"RECQL4","RECQL4",-0.490018300838013,8.3809982317496,-4.42212565673434,1.2039328638344e-05,0.0107044509666391,3.00615268516186
"PTGER4","PTGER4",0.440626328242992,7.85182022382097,4.41166862448771,1.26124594454579e-05,0.0107044509666391,2.9647166379228
"CRYGN","CRYGN",-0.68596154122928,2.35535653730023,-4.40269636271536,1.31249434786287e-05,0.0107044509666391,2.92923583726455
"C17orf87","C17orf87",0.522917505374874,5.16902510144195,4.39848057191474,1.3372569237559e-05,0.0107044509666391,2.91258741764508
"ABI3BP","ABI3BP",0.629711472553614,8.30225995368369,4.38127325133194,1.44304324011481e-05,0.0110699454557308,2.84478670289206
"PTGDS","PTGDS",0.627270820787114,9.6219545137788,4.35666368910829,1.60834064742819e-05,0.0114151169313147,2.74824436530941
"JMJD6","JMJD6",-0.191508506937201,9.14548668240367,-4.34406490234906,1.69982297488108e-05,0.0114151169313147,2.69901356465012
"CNDP2","CNDP2",0.214730416428339,12.0324737950549,4.34388267239127,1.70118198407443e-05,0.0114151169313147,2.6983024492847
"IRF8","IRF8",0.457735294672163,8.65576962632291,4.3392548096486,1.73604515820331e-05,0.0114151169313147,2.68025236515104
"ZNF695","ZNF695",-0.759492847404686,3.96311491749339,-4.3073634974386,1.995533095439e-05,0.0121091562834499,2.55634862585067
"GPC2","GPC2",-0.641155537508057,4.51468784424029,-4.29267281329447,2.12716365632651e-05,0.0121091562834499,2.49955613639967
"C7orf68","C7orf68",-0.465334100140486,8.51517637200647,-4.2925950263835,2.12788221799221e-05,0.0121091562834499,2.49925589764551
"DKK2","DKK2",0.504473942812016,5.85780516252833,4.29111881515032,2.14156283267647e-05,0.0121091562834499,2.4935590293327
"FASTK","FASTK",-0.251199964841571,10.5177405891454,-4.2880307404276,2.17045330157974e-05,0.0121091562834499,2.4816476432631
"CD4","CD4",0.39245457889093,10.9524662805119,4.2760492910363,2.28610779709558e-05,0.0123314961535069,2.43550748511198
"FCHO2","FCHO2",0.291519193325209,10.1356327609041,4.24764081153476,2.58429836419294e-05,0.0123314961535069,2.32658399543808
"TMEM189","TMEM189",-0.210966336554119,10.055408972824,-4.24432224635519,2.62145953822466e-05,0.0123314961535069,2.31390375751873
"RSPO2","RSPO2",0.75666725463791,3.38735998756954,4.23832788731281,2.68987976991243e-05,0.0123314961535069,2.29102253404388
"SLC9A9","SLC9A9",0.369567489514737,6.93376970730019,4.23702382801724,2.70498837847296e-05,0.0123314961535069,2.28604873552246
"FAM65B","FAM65B",0.503387395092476,7.75222557168637,4.23503746297673,2.72815770651599e-05,0.0123314961535069,2.27847528195178
"B4GALNT4","B4GALNT4",-0.998658916813145,6.11884637611099,-4.23239363874553,2.7592895088446e-05,0.0123314961535069,2.26840021543516
"SELL","SELL",0.526114542292615,8.26257632002559,4.22488943977402,2.84950993029775e-05,0.0123314961535069,2.23983496897302
"HLA-DOA","HLA-DOA",0.533444808561939,9.99403169253426,4.22405298966479,2.85973876806857e-05,0.0123314961535069,2.23665386926909
"LRWD1","LRWD1",-0.25330449691577,8.73746482552946,-4.22239681936339,2.88009523980661e-05,0.0123314961535069,2.23035701451236
"CD40LG","CD40LG",0.546769629903027,4.69130586490522,4.21051543433474,3.03023638168877e-05,0.0125094047225682,2.18525030608307
"FOLR2","FOLR2",0.53505054396065,8.20717744951748,4.20761684206644,3.0679812749038e-05,0.0125094047225682,2.17426388821462
"GPR15","GPR15",-0.679355552875643,2.86921967527489,-4.20326574999327,3.12548268555829e-05,0.0125094047225682,2.15778526704281
"C16orf59","C16orf59",-0.417041125900507,6.65519571638787,-4.18942606857838,3.31528722658988e-05,0.0129867559848396,2.10547607791037
"EDA2R","EDA2R",0.639101350056738,5.14865812442507,4.17267436474344,3.55973443858958e-05,0.0135807331362405,2.04237427829747
"THRB","THRB",0.533930556146359,7.10790521184448,4.16037308175548,3.7500711187453e-05,0.0135807331362405,1.99618595365392
"CYP2C18","CYP2C18",0.94207810796238,5.05321101907713,4.15984116126737,3.75851625269081e-05,0.0135807331362405,1.99419157361787
"ADH6","ADH6",0.85470928861133,2.89077973390524,4.15962358000786,3.76197593801677e-05,0.0135807331362405,1.99337584367332
"CYP1A1","CYP1A1",-0.814825251267653,1.43521535251969,-4.15055079056292,3.90896922439536e-05,0.0136392353914479,1.95939644403775
"EBI3","EBI3",0.465300079101115,5.33833817997841,4.14804960629927,3.95044398967046e-05,0.0136392353914479,1.95004111403809
"CEP72","CEP72",-0.309598532006534,6.88614322927805,-4.14201215625421,4.05229019060032e-05,0.0136392353914479,1.92748043463004
"RPS6KB2","RPS6KB2",-0.202238678474539,9.98811745694124,-4.13357064453436,4.19888841593486e-05,0.0136392353914479,1.89598741135253
"AOAH","AOAH",0.511709383586524,7.10515614999432,4.12994549468053,4.26338102706983e-05,0.0136392353914479,1.88248125097636
"NUP85","NUP85",-0.184741251537584,9.67232457078588,-4.12676392866957,4.32075777888863e-05,0.0136392353914479,1.87063680798064
"C12orf69","C12orf69",0.419692356517709,3.35259673786382,4.12474320745758,4.35758043070583e-05,0.0136392353914479,1.86311839859618
"DBF4B","DBF4B",-0.312479550045948,7.21787845659284,-4.12401967447822,4.37083747811323e-05,0.0136392353914479,1.86042721226344
"C7","C7",0.817063712281822,9.64292966453928,4.1186003810559,4.47136050125688e-05,0.0137203696981067,1.84028404944737
"SASS6","SASS6",-0.287337802224796,7.09367297717944,-4.10054901246557,4.82229886898219e-05,0.014264554965867,1.77336576652809
"DOCK2","DOCK2",0.434341033032749,9.0718191012834,4.09726307938259,4.88893629420306e-05,0.014264554965867,1.76121385952246
"CCDC141","CCDC141",0.555880749950428,3.60500934706388,4.08857131189058,5.06944895488307e-05,0.014264554965867,1.72911396702697
"ACSL5","ACSL5",0.488871924409337,11.4772803326088,4.08668640963073,5.10942249664335e-05,0.014264554965867,1.72216112578463
"GPSM2","GPSM2",-0.294874551432961,8.84557176873071,-4.08620232870411,5.11973676436152e-05,0.014264554965867,1.72037597698711
"TLR3","TLR3",0.457062461915716,7.54380856223574,4.08538020366311,5.13729907411266e-05,0.014264554965867,1.71734467095684
"NSUN5","NSUN5",-0.225863236278366,9.43976370200873,-4.0762094662337,5.33712765224588e-05,0.014264554965867,1.68356915594369
"NRTN","NRTN",-0.479734445744504,3.78494346408891,-4.07249184467556,5.42021996221745e-05,0.014264554965867,1.66989739257879
"TMUB1","TMUB1",-0.256013346837886,9.79562801897816,-4.07064084410223,5.46204857879088e-05,0.014264554965867,1.66309456083178
"SMG5","SMG5",-0.19092522873434,11.5229859920114,-4.06348852399549,5.62657617459746e-05,0.014264554965867,1.63683526209306
"PYCR1","PYCR1",-0.356099220067623,11.3559489839742,-4.06312790698966,5.63499504744291e-05,0.014264554965867,1.63551241706815
"TLR8","TLR8",0.530569306687056,6.71926024372963,4.06192470203439,5.66317143441898e-05,0.014264554965867,1.63109951186574
"LPAR5","LPAR5",0.399625780913954,6.68490408107707,4.06012063233061,5.70566968384973e-05,0.014264554965867,1.62448513889143
"CMKLR1","CMKLR1",0.43164929932892,8.43518953104896,4.0589501566717,5.73340430978307e-05,0.014264554965867,1.62019521387379
"TTYH1","TTYH1",-0.552996244831639,2.88463312090377,-4.05075551930666,5.93119542057024e-05,0.0143730016770316,1.5901931934508
"SEPP1","SEPP1",0.423953485953455,12.1491962784467,4.05067675414237,5.93312762725761e-05,0.0143730016770316,1.58990509408974
"ZMYND19","ZMYND19",-0.215053840926568,8.41044649039724,-4.04716234020855,6.01995160218421e-05,0.0143939388243914,1.57705572960247
"MAST1","MAST1",-0.561079496710046,4.52314154082688,-4.04012023673355,6.19757235250759e-05,0.0144845113983718,1.55133971768297
"TLR7","TLR7",0.470248551800163,6.71862168070428,4.0394327068545,6.21517788534772e-05,0.0144845113983718,1.54883126419771
"NCKAP1L","NCKAP1L",0.426776034603552,9.25013963844344,4.03054906612431,6.44697471082228e-05,0.0147054115969273,1.51645505735406
"IQGAP2","IQGAP2",0.45303036104077,8.36164169525317,4.02300076946225,6.65035592386908e-05,0.0147054115969273,1.48899766748951
"SLCO2B1","SLCO2B1",0.439747702958379,10.4794566998164,4.02168396538953,6.68645402371751e-05,0.0147054115969273,1.48421262566225
"NAA40","NAA40",-0.212190028483629,9.01514327823573,-4.02067638300485,6.71420082004146e-05,0.0147054115969273,1.48055222871853
"MUSK","MUSK",0.447958632658975,1.42497769983819,4.01905658628301,6.75903596308764e-05,0.0147054115969273,1.47466953982998
"MAT2B","MAT2B",0.206521284200298,10.6602319402989,4.01673728976175,6.82372789270788e-05,0.0147054115969273,1.46625029246204
"GIMAP2","GIMAP2",0.3801882769689,7.65735232110115,4.01323060885398,6.92265645056871e-05,0.0147054115969273,1.45352933961733
"ZFPL1","ZFPL1",-0.179111335444634,9.34618282541681,-4.00945192874784,7.0307814367985e-05,0.0147054115969273,1.43983326745603
"ITM2A","ITM2A",0.397848738408162,8.12537185468683,4.00894921808475,7.04528644669656e-05,0.0147054115969273,1.43801206649467
"TBRG4","TBRG4",-0.217009465437452,10.1855154682394,-4.00676312757268,7.10869389020982e-05,0.0147054115969273,1.43009485756625
"RASSF2","RASSF2",0.354623191999095,9.25762596902916,4.00154493330164,7.26224331998691e-05,0.0148246895044958,1.41121277205987
"TPK1","TPK1",0.362582070308878,6.21531772848728,3.99936238638073,7.32739527950202e-05,0.0148246895044958,1.40332201178164
"SLC6A3","SLC6A3",-1.08350962858633,4.41186375146956,-3.99235527300628,7.54033530315437e-05,0.015089686224606,1.3780156991185
"C14orf105","C14orf105",0.855672641946492,2.09156390019675,3.9798432438172,7.93523949460215e-05,0.0155047423164709,1.33293126418417
"TGFBR2","TGFBR2",0.305917587965851,11.6833484588206,3.97858756474939,7.97593639320195e-05,0.0155047423164709,1.3284139838982
"ITIH3","ITIH3",0.470051604608472,3.90775365763857,3.97294843565231,8.16115454701085e-05,0.0155047423164709,1.30814373544786
"TLR1","TLR1",0.325501249869301,7.62030502563801,3.97217448997418,8.18689090898165e-05,0.0155047423164709,1.30536382749985
"HIST1H2AE","HIST1H2AE",-0.736451705550209,3.68041453834377,-3.97043088275206,8.24515408030427e-05,0.0155047423164709,1.29910287942686
"BTLA","BTLA",0.481810833513996,4.59621590028625,3.9698380565754,8.26505293558558e-05,0.0155047423164709,1.29697474270768
"TM4SF4","TM4SF4",1.25549194412761,4.63972099296159,3.967698722208,8.33724126517092e-05,0.0155047423164709,1.28929739385427
"C3","C3",0.570975570088513,13.8746208661255,3.96303948322244,8.49653332432286e-05,0.0156429675034108,1.27259033063312
"ADRA2A","ADRA2A",0.714004525197877,7.12860662657423,3.95454323644948,8.79446008526516e-05,0.0157695280496927,1.24217175342745
"CASKIN1","CASKIN1",-0.623983400731627,3.44921187490316,-3.95297169793203,8.85064107540322e-05,0.0157695280496927,1.23655195598049
"CCL19","CCL19",0.730632069905485,7.905623001633,3.95232714015797,8.87378160091654e-05,0.0157695280496927,1.23424763078858
"WDR86","WDR86",-0.687484707540674,5.7172640271464,-3.94541238053637,9.12566451305614e-05,0.0157695280496927,1.20954911685198
"CYBB","CYBB",0.475756131772299,10.6721289099782,3.94289760541315,9.21893820447453e-05,0.0157695280496927,1.20057672768361
"BLNK","BLNK",0.356801157082841,7.38687760785069,3.94273236344263,9.22509859061381e-05,0.0157695280496927,1.1999873530959
"HLA-DPA1","HLA-DPA1",0.461842078989836,13.079555052817,3.94253236154331,9.23256007840586e-05,0.0157695280496927,1.19927402987433
"APOL3","APOL3",0.372199411964137,9.24071359679836,3.94205219216614,9.2504971450047e-05,0.0157695280496927,1.19756160435435
"YKT6","YKT6",-0.19319756560963,11.2666305526848,-3.93629241052774,9.46824701316077e-05,0.015992650987092,1.17703571913225
"HIST1H3J","HIST1H3J",-0.31255575475222,0.902777073843826,-3.93243284225394,9.61686598275605e-05,0.0159934739328872,1.16329723992955
"C5orf41","C5orf41",0.265790841683493,8.20854054584512,3.93177356413368,9.64247247053649e-05,0.0159934739328872,1.16095174023128
"PSRC1","PSRC1",-0.338038476478352,6.92760228832488,-3.92616244953331,9.86303794851702e-05,0.0162132492562631,1.14100407902076
"BCL11B","BCL11B",0.471294911502582,6.7234024909855,3.92395400390511,9.95115237380325e-05,0.0162133333056718,1.13316030145964
"HCN3","HCN3",-0.345345696296346,6.73040013051634,-3.91239192838146,0.000104247634577793,0.0168260235193348,1.0921624360904
"A2M","A2M",0.399222349523406,14.1093420057007,3.9085601144911,0.000105863764502224,0.0168260235193348,1.07860020807072
"HSD11B1","HSD11B1",0.442949420867827,6.69722364093591,3.90820736846756,0.000106013727024216,0.0168260235193348,1.07735233243085
"FZD9","FZD9",-0.767027797741778,3.82687636798733,-3.89975368577465,0.000109668359315138,0.0171763050165312,1.04747808077494
"NFKBIL2","NFKBIL2",-0.355591380831989,8.40580720413617,-3.89863617495942,0.000110160301199354,0.0171763050165312,1.04353346845712
"AHRR","AHRR",-0.544581239914544,5.1405412127472,-3.8956739402938,0.000111474436501181,0.0171763050165312,1.03308243241753
"PLEK","PLEK",0.414255614521772,9.29575436165449,3.89460461913236,0.000111952452446024,0.0171763050165312,1.02931159565532
"CCR2","CCR2",0.462491100898917,6.74013069399455,3.89183813659736,0.000113198161756964,0.0172238955050204,1.01956041317623
"DNAJC5B","DNAJC5B",0.50290735042326,4.8903569011144,3.88967541816727,0.000114181125786131,0.0172310549741677,1.01194187097562
"SEMA4A","SEMA4A",0.331798891666783,9.7969835169156,3.88542026989303,0.000116138728599041,0.0173839848149345,0.996963964812285
"EIF4EBP1","EIF4EBP1",-0.401027484397216,9.40823278516285,-3.87683786570565,0.000120184109622865,0.0175228047910925,0.966801047057846
"C5orf20","C5orf20",0.536672727085574,4.23486987100068,3.87679616067162,0.000120204089096829,0.0175228047910925,0.96665462694809
"LRRK2","LRRK2",0.748036729794648,9.70575723110491,3.87675241550971,0.000120225049302605,0.0175228047910925,0.966501045841055
"F13A1","F13A1",0.574093853119522,9.39744941165718,3.87119219835409,0.00012291751479568,0.0175228047910925,0.94699337619078
"H2AFX","H2AFX",-0.270831790108222,9.75557819568984,-3.87102658663688,0.000122998578040164,0.0175228047910925,0.946412740213449
"RCSD1","RCSD1",0.349382249343049,8.31050907651921,3.87065136728709,0.000123182426602806,0.0175228047910925,0.945097304324061
"RWDD3","RWDD3",-0.172412976014382,7.57526221860714,-3.86926721036595,0.000123862880398483,0.0175228047910925,0.940245790036852
"SPTLC3","SPTLC3",0.571166421107546,7.50686966932658,3.86761408977928,0.000124680214417094,0.0175228047910925,0.934453679740369
"CCL17","CCL17",0.728990155328569,4.71784860173136,3.864421930178,0.000126272930045435,0.0175582945491754,0.923275734493153
"BTD","BTD",0.22022501969807,8.39788418445062,3.86329436943026,0.000126840105102403,0.0175582945491754,0.919329436084603
"MEX3A","MEX3A",-0.52689747400512,8.66571040728961,-3.86010727279921,0.000128456301768898,0.017649320685576,0.90818089814371
"ASPA","ASPA",0.434832460434382,2.53823193651722,3.85065881678455,0.000133362842842627,0.0179539811037913,0.875180659997555
"C4orf7","C4orf7",0.925880359971376,4.25066407727456,3.85057148748321,0.000133409007925325,0.0179539811037913,0.874876002080584
"IKZF1","IKZF1",0.389895852499321,8.63683766632827,3.84906752089111,0.000134206426745091,0.0179539811037913,0.869630264798583
"MTF2","MTF2",-0.18052714803577,8.95575842037523,-3.84822404289454,0.000134655616959752,0.0179539811037913,0.866689109510164
"TIFAB","TIFAB",0.514376509772537,3.58159321444412,3.84655325857169,0.000135549583044212,0.0179539811037913,0.860864972695536
"PURA","PURA",0.190027859196272,8.07504143074597,3.84245361939303,0.000137766949678868,0.0181173379324117,0.846584212327567
"ZYG11A","ZYG11A",-0.768397747049039,4.68620714435975,-3.83225554252083,0.00014343236718939,0.0187286050519423,0.81112199032586
"POU4F1","POU4F1",-0.799857892714353,2.78457984850149,-3.82427633849521,0.000148017832370242,0.0191912416321727,0.783437199829191
"FAM171A2","FAM171A2",-0.549544080738847,5.8495659680009,-3.81527373406695,0.00015335754592503,0.0197445159302498,0.752266609629408
"LRRFIP1","LRRFIP1",0.179354978161827,11.4862208577686,3.81192993035908,0.000155386782156555,0.0197591100379712,0.740706594766357
"FGL2","FGL2",0.4293649738224,9.41432076405518,3.81155261597246,0.000155617345907654,0.0197591100379712,0.739402761511339
"CPSF1","CPSF1",-0.248789991201707,10.9103166768624,-3.80913866612202,0.000157100087486113,0.0198107514431975,0.731064075165092
"HPDL","HPDL",-0.57276085409344,4.50418517129143,-3.80486058154601,0.000159760668272206,0.0199019666843591,0.716298152854255
"GIMAP4","GIMAP4",0.321534572124526,9.10001840919293,3.80450232156198,0.000159985392932765,0.0199019666843591,0.71506231595269
"HAUS8","HAUS8",-0.209289811482031,7.10729973166478,-3.79966424910389,0.000163049526285506,0.0201470122714259,0.698383828617857
"ARHGAP25","ARHGAP25",0.296003904623534,8.46811332126121,3.79519463132434,0.00016592944921371,0.0203661805964907,0.682993241665109
"MUS81","MUS81",-0.16095951488425,9.23105939277094,-3.79313113121364,0.000167275165871962,0.0203953846282695,0.67589356963665
"MEX3D","MEX3D",-0.25000302805333,8.97941970462136,-3.78120221941239,0.000175258697445751,0.0212282097281166,0.63492208892344
"REPIN1","REPIN1",-0.18451274753157,11.0002492747508,-3.77664083627681,0.00017840538067309,0.0213624570863683,0.619287442604446
"PPP1R14B","PPP1R14B",-0.265145766880043,10.8755750263194,-3.77623537441508,0.000178687653647315,0.0213624570863683,0.617898535418173
"TBXAS1","TBXAS1",0.327920728527697,8.82398649540347,3.77367476319522,0.000180480043698532,0.0214375360292495,0.609130414267912
"LCP1","LCP1",0.370081509663483,11.796559100921,3.77033140498445,0.000182845876231473,0.0214670140442341,0.597690402074792
"METTL7B","METTL7B",0.587135564090653,7.76501336445854,3.76955667672925,0.000183398248805255,0.0214670140442341,0.595040864517388
"CHPT1","CHPT1",0.334981697665811,9.22573257233488,3.7668250056196,0.000185358481259006,0.0214670140442341,0.58570274995638
"HIST1H2BJ","HIST1H2BJ",-0.525763845090047,4.62460471453687,-3.7666145002026,0.000185510355798218,0.0214670140442341,0.584983409227608
"EVI2B","EVI2B",0.368342566796054,9.09407409427666,3.76516660816722,0.000186558158007574,0.0214670140442341,0.580036685387711
"TRIM22","TRIM22",0.347327536161784,10.4085106132379,3.76009707865118,0.000190270985839691,0.0217582554055563,0.562730726461358
"CDKL1","CDKL1",0.41918305452411,4.55332739047334,3.75698025449836,0.000192588152028699,0.0218872868333356,0.55210164227783
"PRSS12","PRSS12",0.746121788961017,6.38742800508596,3.75330645881642,0.000195353544970081,0.022036244047163,0.539583800968045
"CD83","CD83",0.332566561571732,8.9210895423151,3.75085584917395,0.00019721896684199,0.022036244047163,0.531240164583849
"TROAP","TROAP",-0.51749263798264,7.43896129234256,-3.75050218749155,0.00019748955883884,0.022036244047163,0.530036469279894
"LINC01140","LINC01140",0.374232554249118,5.44118874528159,3.74822471807448,0.000199240485100396,0.022083379260043,0.52228760947711
"GTF2IRD1","GTF2IRD1",-0.204527244105506,9.2778632561202,-3.74654385417899,0.000200542110718468,0.022083379260043,0.516571479460875
"RTN1","RTN1",0.46126452334923,6.58448566665655,3.74395831370091,0.000202559952197805,0.022083379260043,0.507783515671228
"MBNL1","MBNL1",0.199481310124935,11.7828383978276,3.7430067635866,0.000203307377823591,0.022083379260043,0.504550739716901
"FLT3","FLT3",0.460900201501467,3.7742646860221,3.74083923388239,0.000205019646729287,0.022083379260043,0.497189707102537
"DMAP1","DMAP1",-0.193081503180976,9.09944179025043,-3.739471497649,0.000206107090337749,0.022083379260043,0.492546875130321
"CX3CR1","CX3CR1",0.557115803853537,5.96063775152343,3.73921923088344,0.000206308252280018,0.022083379260043,0.491690720624481
"F8","F8",0.288792439375324,8.25240775992999,3.72442131121208,0.000218437413837942,0.0221456984705996,0.441563982400953
"TUBB2C","TUBB2C",-0.212934593589418,12.656722977518,-3.72286991001158,0.000219747207215835,0.0221456984705996,0.43631957413108
"HLA-DMB","HLA-DMB",0.404599008329606,10.9247266602708,3.72229361571221,0.000220235633409583,0.0221456984705996,0.434371973675545
"CCR7","CCR7",0.477483337307329,6.85721997103317,3.72144466915459,0.000220957002878964,0.0221456984705996,0.431503455422896
"DMPK","DMPK",-0.297590871472318,8.95014277752813,-3.72090679833334,0.000221415194908707,0.0221456984705996,0.429686354422014
"TIMD4","TIMD4",0.515609601165699,2.90125245645032,3.72021216469406,0.000222008251228611,0.0221456984705996,0.427340023987695
"RASSF5","RASSF5",0.276191714490818,9.81611884948298,3.72009325985364,0.000222109918249495,0.0221456984705996,0.426938429086305
"COBRA1","COBRA1",-0.151445636305648,10.5438616047774,-3.72008754766102,0.000222114803440124,0.0221456984705996,0.426919136757663
"BRSK1","BRSK1",-0.510214633641225,5.65220741373545,-3.71983434131477,0.000222331452652646,0.0221456984705996,0.426063987025576
"CALCOCO2","CALCOCO2",0.145939303456402,11.0649805894687,3.71956011818756,0.000222566308742621,0.0221456984705996,0.425137919472193
"FAH","FAH",0.252180794246965,9.01493654706222,3.71934129517831,0.000222753885424896,0.0221456984705996,0.424398987472637
"ADH1B","ADH1B",0.940691966623218,8.42161009392376,3.71913684608017,0.000222929275187233,0.0221456984705996,0.423708630970209
"ZNF883","ZNF883",-0.533297290878952,4.62639737783767,-3.71841040879681,0.00022355351283287,0.0221456984705996,0.42125598327218
"HIST2H2AC","HIST2H2AC",-0.370007809533278,3.04374976021177,-3.71820493930794,0.000223730373990089,0.0221456984705996,0.420562344843737
"CBS","CBS",-0.537393988260687,8.72763333682485,-3.71351830217339,0.000227800425348854,0.0223430099417895,0.404750664481435
"PKHD1","PKHD1",0.750446139627755,4.12822112109285,3.71140399423775,0.000229659296277267,0.0223430099417895,0.397623602972073
"P2RY13","P2RY13",0.438800660261276,6.70837713088504,3.70909054716329,0.000231709603664724,0.0223430099417895,0.389829648695909
"ZNF786","ZNF786",-0.179904386375208,7.46767393321434,-3.70823148751853,0.000232475328379618,0.0223430099417895,0.386936660311375
"SIGLEC10","SIGLEC10",0.440301005424787,7.63234259669112,3.70779052207612,0.000232869308430289,0.0223430099417895,0.385451900418411
"STIP1","STIP1",-0.170441542502527,11.8475837803903,-3.70629032049729,0.000234214373022435,0.0223430099417895,0.380401867583437
"CDKN2D","CDKN2D",-0.241782119016203,7.22820250633573,-3.70609412843049,0.000234390816443932,0.0223430099417895,0.379741581085494
"INA","INA",-0.883805635121096,3.29904327437383,-3.70493890850495,0.000235432292037759,0.0223430099417895,0.375854343773416
"ARHGDIB","ARHGDIB",0.291821032988744,12.159764701517,3.70349262589103,0.000236742312222404,0.0223521164632138,0.370989309349764
"GIMAP8","GIMAP8",0.325367683758331,8.11983353782145,3.69909098935219,0.000240771583834601,0.0225664209590171,0.356194006775994
"MS4A6A","MS4A6A",0.390910431748151,9.60439342632987,3.69704945952735,0.000242662233807166,0.0225664209590171,0.349337402048736
"CCR4","CCR4",0.519039405607492,5.05121158048961,3.69702042119973,0.000242689226543121,0.0225664209590171,0.349239900746683
"CTSO","CTSO",0.272691288112935,9.914307067918,3.69409261737505,0.000245425332938292,0.0227061598227482,0.339412987714558
"XRCC2","XRCC2",-0.401973398901281,5.8659716284857,-3.69036782398125,0.000248948206319555,0.0227616081766916,0.326921654081787
"SERPINA1","SERPINA1",0.624351018479974,13.4287009959287,3.68954546177928,0.000249732373533133,0.0227616081766916,0.324165410079414
"MAGIX","MAGIX",-0.359047367619412,7.17682538270257,-3.68826138604828,0.000250961458347016,0.0227616081766916,0.319862836406619
"CHTF18","CHTF18",-0.353446662044978,8.13596508601693,-3.68825260806988,0.000250969879955917,0.0227616081766916,0.319833428747605
"ARFGAP1","ARFGAP1",-0.21315404283769,10.8405937614406,-3.68692448589577,0.000252247150511198,0.0227653053336356,0.315384762944794
"HLA-DRA","HLA-DRA",0.427330428233609,14.5595372425463,3.68347204239167,0.000255596073279934,0.0229550210007652,0.303827555421763
"CABLES2","CABLES2",-0.25011760903839,8.33219687333694,-3.6807655797834,0.000258250578291072,0.0230808320238686,0.294774688576225
"SELPLG","SELPLG",0.339056536401197,9.42961303394459,3.67840794050949,0.000260584066761308,0.0231144361927315,0.286893715878176
"TMEM119","TMEM119",0.397894053905049,8.97647972656629,3.67634845716417,0.00026263866583457,0.0231144361927315,0.280013296374945
"INMT","INMT",0.576030477532292,8.30584520216014,3.67602852585633,0.000262959202211148,0.0231144361927315,0.278944780735447
"AKAP13","AKAP13",0.265946364423522,11.8120552297716,3.67534182012719,0.00026364844932234,0.0231144361927315,0.276651597567402
"PAXIP1","PAXIP1",-0.178175599375549,8.61775353594961,-3.67247013927583,0.000266549206425414,0.02324431146296,0.26706629152854
"ADCK5","ADCK5",-0.323547928302686,7.73381175871295,-3.67138327617893,0.000267654881872116,0.02324431146296,0.263440323482016
"SPN","SPN",0.404388928522653,8.37234006785959,3.66753139834605,0.000271608253684948,0.023342384944264,0.250597925733754
"PLA1A","PLA1A",0.515732759608746,6.58916293435324,3.66738473524148,0.000271759860783284,0.023342384944264,0.250109193173738
"CCRL2","CCRL2",0.3632977308948,6.98210953594876,3.66658521417611,0.000272587733584094,0.023342384944264,0.247445234581375
"ZNF212","ZNF212",-0.155648648541902,8.62179288501246,-3.66258354681946,0.000276767054546065,0.0235905474131834,0.234120140049591
"ATP6V0E2","ATP6V0E2",-0.28422540181504,9.55208423273804,-3.65270810365387,0.000287340102667313,0.0243559191548264,0.201294781938617
"PCDH15","PCDH15",0.559590792428384,1.92143123903622,3.65174410588705,0.000288392285902566,0.0243559191548264,0.198094993082456
"SLAMF1","SLAMF1",0.420249203248503,5.70335231590257,3.6406694238497,0.00030074264298712,0.0252143852845012,0.161392081140031
"DNMT3B","DNMT3B",-0.41130876415205,6.40726882198838,-3.64018309045829,0.000301296223050908,0.0252143852845012,0.159782721856972
"NAPSB","NAPSB",0.445545518412785,8.08049371478809,3.63683481996394,0.00030513352719419,0.0252950970281424,0.148708238254857
"GPSM3","GPSM3",0.292960445986567,9.57052109572102,3.63639064744697,0.000305646008577103,0.0252950970281424,0.147239849957677
"GNGT2","GNGT2",0.324308566468834,5.15463894256431,3.63575362040755,0.000306382414712713,0.0252950970281424,0.145134200147815
"PHF15","PHF15",0.236946145111898,10.187401646264,3.62925379391791,0.00031399209124207,0.025807626749365,0.12366937091688
"HBQ1","HBQ1",-0.440808648881599,0.820530800983659,-3.62659661185629,0.00031715380570554,0.025951638741532,0.114904817466244
"VPS72","VPS72",-0.180770148311302,10.2482340428516,-3.62393027583873,0.000320356442096152,0.0260977099797887,0.106116163867968
"SAC3D1","SAC3D1",-0.229892762840718,7.69593712524392,-3.6225724464826,0.000321999026685694,0.0261159651114992,0.101642895476193
"CARD6","CARD6",0.284171862820405,8.45312538752882,3.6188647405276,0.000326524653854457,0.0263668657987474,0.0894361971623567
"PHTF2","PHTF2",-0.212622781002462,9.40899159662709,-3.61377898659012,0.000332829512307343,0.0267586207471201,0.0727118254316172
"STRN4","STRN4",-0.163983407653348,10.7629900276102,-3.60958633291468,0.000338112927385977,0.0270652048091444,0.0589411011829482
"LTA","LTA",0.40953519891928,4.13244666771846,3.6018642440674,0.000348050573721726,0.0276281423122354,0.033617518737473
"ANKRD13D","ANKRD13D",-0.210396132343735,9.42319062581792,-3.60085483114805,0.00034936966734658,0.0276281423122354,0.0303110685407457
"BTN3A3","BTN3A3",0.270789125701212,9.27967197538402,3.60064280347457,0.000349647339022912,0.0276281423122354,0.0296166583854642
"C1orf159","C1orf159",-0.2454041978175,7.59942166284399,-3.59114668468853,0.000362297901397923,0.0282302386743643,-0.00144437406988907
"RAD9A","RAD9A",-0.220592424925442,8.22368048204576,-3.5906421217052,0.000362981938803329,0.0282302386743643,-0.0030925890286877
"FANCG","FANCG",-0.219468900626016,8.23799007976067,-3.58965894447687,0.000364318315958292,0.0282302386743643,-0.00630362530205808
"RBM10","RBM10",-0.202674579686948,10.1884607587036,-3.58882872233793,0.0003654503819108,0.0282302386743643,-0.00901446601152767
"PKMYT1","PKMYT1",-0.425299898903776,7.55866887120015,-3.58786027594233,0.000366775094800175,0.0282302386743643,-0.0121758873311313
"GALC","GALC",0.223157099387931,9.63611280319374,3.58714543167689,0.000367755799231539,0.0282302386743643,-0.0145089258263118
"NUF2","NUF2",-0.4652303835972,7.42462443982044,-3.58696734276446,0.000368000504146837,0.0282302386743643,-0.0150900865316101
"MAP3K10","MAP3K10",-0.256672592648973,7.87646201868351,-3.58542000077645,0.000370133081671883,0.02827601728905,-0.0201384067614159
"GIMAP6","GIMAP6",0.310786157608232,8.61663733490996,3.58276353730101,0.000373821321365517,0.0283951928084125,-0.0288005162664975
"PNRC1","PNRC1",0.167223616061407,10.8965789248472,3.58171051936032,0.000375292848871772,0.0283951928084125,-0.0322324825285785
"NPTX2","NPTX2",-0.667292048200531,5.40658058060843,-3.58097780516825,0.000376319974213929,0.0283951928084125,-0.0346199609928233
"EME1","EME1",-0.386400235312305,6.00264961049293,-3.57882522466149,0.000379352747283778,0.0284243773390667,-0.0416312647152246
"HIST1H4E","HIST1H4E",-0.403328360444109,1.5146910365249,-3.57824039896145,0.000380180658659153,0.0284243773390667,-0.0435354480523857
"CPNE1","CPNE1",-0.252601396335897,11.1210399327729,-3.57659004701529,0.000382526131764415,0.0284243773390667,-0.0489073809636604
"C20orf194","C20orf194",0.239132219488192,8.60023090584892,3.57634028235802,0.000382882275818182,0.0284243773390667,-0.0497201663614906
"EZH2","EZH2",-0.317677372505685,8.29478710735094,-3.57449065922952,0.000385529378289001,0.0285059493320434,-0.0557375482363325
"RABGAP1L","RABGAP1L",0.185512859216238,8.30366502611593,3.57040287621001,0.000391440615383158,0.0288272526792773,-0.0690258940179431
"LAMA2","LAMA2",0.387004688506408,8.7482070953005,3.5692195044603,0.000393167649793239,0.028839082073081,-0.0728700506502848
"SLC41A1","SLC41A1",0.249330037451995,9.9497825659465,3.56811044205726,0.000394792716360459,0.028842587755855,-0.0764717206311536
"NAT9","NAT9",-0.183356659542865,9.4884326919565,-3.56705257386076,0.000396348634090018,0.028842587755855,-0.0799061511091113
"HLA-DMA","HLA-DMA",0.364335091146032,11.3983146101648,3.56523485768779,0.00039903556856967,0.0289237946965992,-0.0858052219060301
"EIF1AD","EIF1AD",-0.117886355265683,9.21996873880406,-3.56356346212211,0.000401521268381781,0.0289898355771646,-0.091226924779443
"TSEN54","TSEN54",-0.17192019263491,9.32417824994656,-3.56209992124888,0.000403709754571231,0.029033985513324,-0.0959724094074499
"HIST1H2BG","HIST1H2BG",-0.617352856765025,3.28568341966215,-3.56097490181903,0.000405399630070047,0.0290420723315939,-0.0996189950858186
"CMTM6","CMTM6",0.159196579761238,11.4420606970019,3.5596313143075,0.000407426497749699,0.0290741443801151,-0.10397260891484
"FGD2","FGD2",0.362643552614075,7.76826920710506,3.55800653014076,0.000409890247596355,0.0291370245115695,-0.109235304605911
"CCDC150","CCDC150",-0.448770777377209,4.56813125128214,-3.55621182629607,0.00041262787721049,0.0291818713995973,-0.11504572915447
"CD74","CD74",0.392735609516636,15.9349771917384,3.55403605772249,0.000415969751621094,0.0291818713995973,-0.122086144946388
"MSN","MSN",0.250801105942599,13.6008560425023,3.5530257849252,0.000417530085925631,0.0291818713995973,-0.125353828833166
"CTSH","CTSH",0.44484242981595,12.7398686232778,3.55285812243859,0.000417789565168203,0.0291818713995973,-0.12589604085601
"FAM114A2","FAM114A2",0.156613831322416,8.5122202469737,3.55072450062911,0.000421104838668107,0.0291818713995973,-0.132793950931214
"HGFAC","HGFAC",-0.521117700505338,1.93966857397835,-3.55006025421305,0.000422141980428299,0.0291818713995973,-0.13494063116391
"PRKRIP1","PRKRIP1",-0.17959838244277,9.23789841761834,-3.54986596316674,0.000422445794747533,0.0291818713995973,-0.135568459936922
"MAOB","MAOB",0.449559285783256,8.07249298262877,3.54899444920027,0.00042381110887985,0.0291818713995973,-0.138384255109667
"AFF3","AFF3",0.579855853327934,6.03298740759211,3.54694622317034,0.000427036148236398,0.0291818713995973,-0.144999340556177
"CD44","CD44",0.318767890274433,12.5217143326702,3.54591208133591,0.000428673177107497,0.0291818713995973,-0.148337899512666
"DDX24","DDX24",0.135725980153297,11.4297515579982,3.54522934665351,0.000429757153299515,0.0291818713995973,-0.15054149244729
"PDZD8","PDZD8",0.262346767204108,8.87102222734379,3.54506623700023,0.000430016501718372,0.0291818713995973,-0.151067885346769
"SPIB","SPIB",0.570822639982822,5.36646807542794,3.54436920821256,0.000431126447270136,0.0291818713995973,-0.153317101475815
"TIGD5","TIGD5",-0.246543488317791,7.52044598432878,-3.54044173545501,0.000437430851239664,0.029416221301669,-0.165982688957921
"ANKRD44","ANKRD44",0.383644827906109,6.61210503973693,3.54022318965085,0.000437784185359692,0.029416221301669,-0.166687080150663
"BCL2L12","BCL2L12",-0.214610758799657,8.35686264087526,-3.53824026638972,0.000441002313045254,0.0294186723896854,-0.173076324101388
"SRM","SRM",-0.199663250107709,10.2967203942181,-3.53760539005142,0.00044203733925567,0.0294186723896854,-0.175121264163949
"LACTB","LACTB",0.178751084873925,8.62515449301243,3.53720896063302,0.000442684783221845,0.0294186723896854,-0.176397989187206
"CCNG1","CCNG1",0.239094754420585,10.3457328216008,3.53584486417092,0.000444919399895222,0.0294186723896854,-0.180790109421773
"TMEM173","TMEM173",0.304692563745283,10.4804903106809,3.53530293861722,0.000445810091614916,0.0294186723896854,-0.182534556989054
"RAC3","RAC3",-0.414925320391387,7.63587553962708,-3.53280086835707,0.000449944103434092,0.0295685281527807,-0.190585387662911
"ADH1A","ADH1A",0.531417470666266,2.44134906640463,3.53198908483146,0.000451293053659844,0.0295685281527807,-0.193196277410006
"TAF6","TAF6",-0.170263336375955,10.3964227082356,-3.52747225058542,0.000458868123198449,0.0298746518863874,-0.207713116682164
"USP4","USP4",0.130294834040412,10.2456140613171,3.52726968879324,0.000459210606911501,0.0298746518863874,-0.208363726089983
"RAC2","RAC2",0.30986654401517,10.3016403898606,3.52245293633858,0.000467425414329346,0.0303020045887943,-0.223824253735379
"C1orf162","C1orf162",0.336646744625946,8.08504584881531,3.51705002198563,0.000476803454637295,0.0308015031695692,-0.24114238999675
"HLA-DPB1","HLA-DPB1",0.408697251818839,12.4323380439846,3.51492667339606,0.000480536987768053,0.0308784343429835,-0.247941532785333
"FAIM3","FAIM3",0.379376757747057,7.80574252665199,3.51414084152302,0.000481925655124993,0.0308784343429835,-0.250456846776653
"C9orf25","C9orf25",-0.175797754980486,8.91060136852716,-3.51226211625064,0.000485260839191775,0.0308784343429835,-0.256468166082726
"FKBP5","FKBP5",0.372857252602864,10.7054958157018,3.51150696906121,0.000486607478657596,0.0308784343429835,-0.258883536910662
"CLIC5","CLIC5",0.575953994608446,8.46631766403677,3.51027257043394,0.000488816288146336,0.0308784343429835,-0.262830754157606
"TUBB8","TUBB8",-0.316140803607724,3.51277782143718,-3.50974911353625,0.000489755780828127,0.0308784343429835,-0.264504206964049
"MTX1","MTX1",-0.192419760525819,9.89008527816579,-3.50964538261683,0.000489942155946595,0.0308784343429835,-0.264835798924689
"TIGD3","TIGD3",-0.322734335820248,4.3008563312764,-3.5079613768114,0.000492977134087461,0.0308784343429835,-0.27021768499333
"ALKBH4","ALKBH4",-0.156748278517917,8.09274254934254,-3.50558090746803,0.000497297312126756,0.0308784343429835,-0.277821210715818
"WDR11","WDR11",0.138953124435682,10.0791798092014,3.50528419556105,0.000497838272587073,0.0308784343429835,-0.278768603848034
"SCYL1","SCYL1",-0.146075977611362,11.060643785447,-3.50241957394519,0.000503089386075751,0.0308784343429835,-0.287911353767076
"RBM28","RBM28",-0.188446000409129,8.78330445746563,-3.50229587900897,0.000503317292628993,0.0308784343429835,-0.288305979949413
"FMO3","FMO3",0.40865150020271,7.30604806795873,3.500248119114,0.000507104325235041,0.0308784343429835,-0.294837065218069
"P2RX7","P2RX7",0.437836251832694,6.03489614360076,3.49989708328325,0.000507756183872218,0.0308784343429835,-0.295956288408739
"KLRG1","KLRG1",0.322426063100763,4.56346686824795,3.49903574942466,0.00050935896572275,0.0308784343429835,-0.298702066617603
"SBK1","SBK1",-0.483383388814424,8.84393250892762,-3.49894923858372,0.000509520207448965,0.0308784343429835,-0.298977812287781
"HSD17B2","HSD17B2",0.831529396352257,4.34272209910473,3.4988863063324,0.000509637532617221,0.0308784343429835,-0.299178399223221
"LPXN","LPXN",0.270450068988958,8.7729562729896,3.49875586716414,0.00050988079198961,0.0308784343429835,-0.299594143249289
"ARHGAP15","ARHGAP15",0.35094920784178,6.43070596405142,3.4980271790722,0.000511241739794711,0.0308784343429835,-0.301916394000425
"CXorf21","CXorf21",0.344970464839869,5.86706658232677,3.4976247835065,0.000511994736255996,0.0308784343429835,-0.303198588929201
"MACROD2","MACROD2",0.650887259411038,7.22072305384739,3.49520293730514,0.000516548645165555,0.0308784343429835,-0.310912615876073
"CDCA8","CDCA8",-0.363024747086825,8.31890326609012,-3.49515767122496,0.00051663412046461,0.0308784343429835,-0.31105674845943
"CD300LG","CD300LG",0.58999795551602,2.19984438766847,3.49505022828665,0.000516837056391886,0.0308784343429835,-0.311398852467762
"MAGED4","MAGED4",-0.519595564357409,6.42528505960724,-3.49383796533503,0.000519131922747442,0.0308784343429835,-0.315258070930075
"TGOLN2","TGOLN2",0.168301334111973,12.6442827052207,3.49294179267131,0.000520834536820987,0.0308784343429835,-0.318110205184583
"ZNF746","ZNF746",-0.132462453685295,9.02858516918807,-3.49253934115139,0.000521600840837971,0.0308784343429835,-0.319390810471117
"SNX20","SNX20",0.363441848652201,6.32332669399954,3.48278685912759,0.000540495829373127,0.0318944510082969,-0.350380532310191
"APOBEC3C","APOBEC3C",0.30760688308428,8.32414481564742,3.48054716198149,0.00054492453689141,0.032007374053822,-0.357485841981865
"FOXO1","FOXO1",0.269938599859216,9.01594306742174,3.47829034080961,0.000549421386256226,0.032007374053822,-0.364641090725781
"CTSS","CTSS",0.284879131702035,12.2166617260495,3.47813749072383,0.000549727199368494,0.032007374053822,-0.365125542535454
"SLC25A10","SLC25A10",-0.271429938407536,9.6275075319353,-3.47714889309701,0.0005517089692735,0.032007374053822,-0.368258372663655
"PSMC3IP","PSMC3IP",-0.319458107717496,6.41948454688194,-3.47667249924723,0.000552666343005638,0.032007374053822,-0.369767745862744
"METTL7A","METTL7A",0.337973663900205,10.1680537634326,3.47658596117242,0.000552840418723339,0.032007374053822,-0.370041906032615
"B3GAT3","B3GAT3",-0.203458422142347,9.72482125330955,-3.47500321404972,0.000556033245242167,0.032091310589823,-0.375055044853633
"HSPA2","HSPA2",-0.373186879115795,7.6772238593798,-3.47407052551922,0.000557922787419506,0.0320997388724392,-0.378008196200057
"CDCA5","CDCA5",-0.394537398752404,8.46754993496286,-3.47297804981004,0.000560143671969748,0.0321271188306387,-0.381466321702115
"RETSAT","RETSAT",0.193268875530072,10.4926501895221,3.46843992537364,0.000569457890439704,0.0324272714676967,-0.395820264700378
"NCAPG2","NCAPG2",-0.294028837417959,9.00960197393858,-3.46760313226207,0.000571191075256507,0.0324272714676967,-0.398465069788053
"C11orf83","C11orf83",-0.256949500450135,8.60404291447247,-3.4673869541264,0.000571639628471445,0.0324272714676967,-0.399148233467016
"CPB2","CPB2",0.889065346884581,4.13004377682496,3.467010226057,0.000572422096952986,0.0324272714676967,-0.400338668619725
"RILPL2","RILPL2",0.209673035285695,8.70996880448705,3.46569931397647,0.000575152680155327,0.0324820122525758,-0.40448010512248
"ARF5","ARF5",-0.181763346537727,11.4113267133559,-3.46472111548487,0.000577198153345071,0.0324978446520982,-0.407569463648989
"LIN7B","LIN7B",-0.291443849207789,5.16340354269934,-3.4607350851979,0.000585603638363173,0.0328705749570255,-0.420149634907545
"KISS1R","KISS1R",-0.662650307492852,3.68849876149363,-3.45852333073412,0.000590316814238224,0.0330248861432435,-0.427124146345641
"MARK2","MARK2",-0.147383151567774,10.688558512638,-3.45776530453938,0.000591940276316896,0.0330248861432435,-0.42951352021942
"RFNG","RFNG",-0.181732745731848,9.71276402493753,-3.45650791995768,0.000594642408290703,0.0330754120212693,-0.433475824945649
"ARHGEF6","ARHGEF6",0.296114674686031,8.75005632679906,3.4530194262786,0.000602199636787519,0.0332665141644792,-0.444461698262452
"LIPG","LIPG",0.422215085873131,7.01625142078556,3.45127965786682,0.000606001968471704,0.0332665141644792,-0.449936595517176
"PKNOX2","PKNOX2",0.443478259962154,5.45905112344575,3.45126320022649,0.000606038044055976,0.0332665141644792,-0.449988373746896
"KIF18B","KIF18B",-0.461126281131345,7.42540383204627,-3.4502198336918,0.00060832922782139,0.0332665141644792,-0.453270484371357
"E2F4","E2F4",-0.130204282293235,10.3863757009913,-3.44956520195491,0.000609770893628716,0.0332665141644792,-0.455329273658632
"ZNF282","ZNF282",-0.153478491257882,9.53340587420159,-3.44955406035864,0.000609795457839526,0.0332665141644792,-0.455364310300074
"LY75","LY75",0.367018303323942,9.15641568057874,3.44780575850184,0.000613661456108734,0.0332665141644792,-0.460860811006219
"C14orf159","C14orf159",0.246766537529317,9.2705251982538,3.44560472928652,0.000618561096140895,0.0332665141644792,-0.467776882501037
"RCC1","RCC1",-0.241006439077764,9.97462268230256,-3.44376167025425,0.000622691931669547,0.0332665141644792,-0.473564914040137
"C20orf103","C20orf103",0.470266931904743,6.35968771796789,3.4418143406754,0.000627084429219566,0.0332665141644792,-0.47967720641893
"SLC9A3-OT1","SLC9A3-OT1",-0.214820553800463,8.67832731378193,-3.44150163294743,0.000627792477557491,0.0332665141644792,-0.480658429756875
"WDR85","WDR85",-0.181158133680929,8.3852140798497,-3.44137642495299,0.000628076188806473,0.0332665141644792,-0.481051287277738
"NKIRAS2","NKIRAS2",-0.142154258765856,10.0806686505602,-3.44125959756394,0.000628341018173703,0.0332665141644792,-0.481417837239351
"CCPG1","CCPG1",0.196887666589264,11.1745938345282,3.44103618816676,0.000628847742420953,0.0332665141644792,-0.482118759016156
"ZNF831","ZNF831",0.444243356873437,5.27893622428369,3.44089988094146,0.00062915709384658,0.0332665141644792,-0.482546386326904
"KIF22","KIF22",-0.194296074752988,10.0666609147938,-3.44067427705989,0.000629669417503571,0.0332665141644792,-0.483254122562418
"ATXN7L1","ATXN7L1",0.240220270661096,7.12741505603785,3.43985602071294,0.000631530863455496,0.0332665141644792,-0.485820684042455
"YIF1A","YIF1A",-0.187998038328148,10.6008040370977,-3.43884977440336,0.000633827006324853,0.0332665141644792,-0.488976104186456
"ABCA6","ABCA6",0.435800682298621,6.09361497894394,3.43853242843437,0.000634552768948023,0.0332665141644792,-0.489971066194124
"ACSM5","ACSM5",0.464537499399599,3.08847625320809,3.43774087848372,0.000636366405226483,0.0332665141644792,-0.492452400723599
"GNAQ","GNAQ",0.18039098256912,10.5501067201478,3.43721611966634,0.000637571421961069,0.0332665141644792,-0.494097104773827
"MS4A4A","MS4A4A",0.373678003145826,8.37414545306242,3.43687704059621,0.000638351189593406,0.0332665141644792,-0.495159722761583
"PTPRC","PTPRC",0.382238267484303,10.2535226731978,3.43631900809267,0.000639636413786629,0.0332665141644792,-0.496908287973681
"SLC5A9","SLC5A9",0.541016044797687,3.88781258603582,3.43402859800568,0.000644936869112462,0.0333672403196512,-0.504082340935294
"LYZ","LYZ",0.504726674934936,13.0668124394151,3.43391627970078,0.000645197846602347,0.0333672403196512,-0.504434028946742
"PLK4","PLK4",-0.332036623185233,7.10763560657998,-3.43160358072876,0.000650593472747111,0.0334610899894228,-0.511673059776335
"TIMM17B","TIMM17B",-0.216858540173071,9.77848102168841,-3.43057657153135,0.00065300300013618,0.0334610899894228,-0.514886238617301
"FAM71D","FAM71D",-0.233703373865008,4.776283701195,-3.43010381483577,0.000654114958318456,0.0334610899894228,-0.516365033932534
"FANCA","FANCA",-0.285880105242074,8.39828316728965,-3.43003271087369,0.000654282352734354,0.0334610899894228,-0.516587432235385
"FBXW11","FBXW11",0.161608822795929,10.1361830830916,3.42517671506582,0.000665809452261913,0.0339562820653576,-0.531765605164481
"MARCH1","MARCH1",0.327455699806983,6.49990381201794,3.42288629382808,0.000671311908565491,0.0340124340526547,-0.538917582578429
"WBSCR16","WBSCR16",-0.138732719442478,10.0357730220482,-3.42241472826428,0.000672450038528479,0.0340124340526547,-0.54038950991379
"ZNF513","ZNF513",-0.199608771019545,8.71855550643199,-3.42240576345437,0.000672471692638851,0.0340124340526547,-0.540417490473678
"HTR4","HTR4",0.359636806471914,0.942408364514055,3.42164978737364,0.000674300061333928,0.0340124340526547,-0.542776758292703
"MRC1","MRC1",0.509609225883473,9.87737728077899,3.41891052304696,0.000680964020818181,0.0342547229160752,-0.551321369304588
"CNR1","CNR1",0.563969410746134,5.97926902822241,3.4171640267602,0.000685244821772074,0.0343761373668819,-0.556765835017458
"CHGB","CHGB",-1.01522126434936,4.53349161035199,-3.4158057945755,0.000688591285833189,0.0344501471833556,-0.560998112225691
"TMEM52","TMEM52",-0.415127485951776,5.19228007057012,-3.41403503348859,0.000692977037084463,0.0344686425505154,-0.566513435646385
"C7orf11","C7orf11",-0.173587316035303,8.85670177216761,-3.41392335702433,0.000693254504039975,0.0344686425505154,-0.566861179031011
"MMP7","MMP7",0.710588450171022,9.61444869046533,3.41339144175643,0.000694577501832667,0.0344686425505154,-0.568517333207841
"NEFM","NEFM",-0.590475214711322,1.68313142950847,-3.41172293771862,0.000698742748522806,0.0345102856931019,-0.573710741835602
"C14orf39","C14orf39",-0.44800645289019,1.40381439278077,-3.41146550715945,0.000699387466632957,0.0345102856931019,-0.574511808797499
"C17orf70","C17orf70",-0.180111356135961,9.87119476429356,-3.41080668594361,0.00070103996791158,0.0345102856931019,-0.576561652998443
"GPR34","GPR34",0.386809470294085,6.92928777613634,3.40930604921803,0.000704817565209292,0.0345714224855916,-0.581229301510765
"GNG2","GNG2",0.262644695672383,8.31515627828812,3.40882306921846,0.000706037415381155,0.0345714224855916,-0.58273116901675
"ATAD3B","ATAD3B",-0.303133532213336,8.82609223187016,-3.40763964092921,0.000709034692725433,0.0346260947686152,-0.586410285147611
"GFRA2","GFRA2",0.40687160828816,4.04021006312821,3.40591215545102,0.00071343120365568,0.0346986049119116,-0.591778619948502
"CCDC85A","CCDC85A",0.424943299386843,5.70769635587883,3.40503116515714,0.000715683124641526,0.0346986049119116,-0.594515389337754
"TAF4","TAF4",-0.168714327734976,9.00949355842956,-3.40387975516187,0.000718636259037801,0.0346986049119116,-0.598091194427212
"CTDSPL","CTDSPL",0.216343274773934,9.99083622589767,3.4035031287196,0.000719604691979224,0.0346986049119116,-0.599260591413261
"TSPYL1","TSPYL1",0.162721774557545,10.5307897165225,3.40337174482486,0.000719942810078226,0.0346986049119116,-0.599668499651589
"RTCD1","RTCD1",-0.144512283924241,9.32333131045844,-3.40119560753662,0.000725564704558218,0.0348333463287919,-0.606422586177037
"IL7","IL7",0.362566905786017,5.8759291486595,3.40082644473277,0.000726522458870029,0.0348333463287919,-0.607567950796246
"WDR34","WDR34",-0.21091829099254,10.5943135858486,-3.3984843216871,0.00073262635036988,0.0350347629523632,-0.614831868002333
"CD84","CD84",0.426351866144754,7.08329340188644,3.39651277328805,0.000737801476976437,0.0351908367684279,-0.620942786842584
"HLA-E","HLA-E",0.238270929498029,13.376108147145,3.39383889288476,0.000744874587356118,0.0353757188127824,-0.629225232250823
"SKP2","SKP2",-0.303523139850214,7.13559030852829,-3.39359587563296,0.000745520552895528,0.0353757188127824,-0.629977679810124
"C4A","C4A",0.437186578827245,12.4836334239031,3.38932705400445,0.000756952968488123,0.0357970723515524,-0.643186756381852
"TNFSF13B","TNFSF13B",0.365440049351404,6.64220985231106,3.38840591272458,0.000759441218893682,0.0357970723515524,-0.646034982644989
"SLC19A1","SLC19A1",-0.227022347862782,8.78648353153502,-3.38802181066523,0.000760481030734071,0.0357970723515524,-0.647222432585608
"CPA2","CPA2",-0.254807951374962,0.399689288897296,-3.38739614269954,0.000762177630862448,0.0357970723515524,-0.649156408349004
"TRPT1","TRPT1",-0.177995606501972,8.53815133127712,-3.38634870801621,0.000765025812493192,0.0358178853447219,-0.652393328786331
"NFE2L3","NFE2L3",0.339204670981022,9.61210328496368,3.38580370693092,0.000766511695498367,0.0358178853447219,-0.654077186156044
"C7orf36","C7orf36",-0.195753675276942,7.71266521211049,-3.38342238518443,0.000773035677985849,0.0360057218133439,-0.66143158940102
"EPB41L2","EPB41L2",0.281713133310667,9.54569581166259,3.38191574364761,0.000777190011809885,0.0360057218133439,-0.666082113629429
"SELE","SELE",0.512685977364864,4.86015242099492,3.38058808452166,0.00078086805007223,0.0360057218133439,-0.670178542442533
"UBE2S","UBE2S",-0.340435164554927,8.36580038789116,-3.38025612320593,0.000781790217922523,0.0360057218133439,-0.671202554054002
"MTA1","MTA1",-0.188935264416503,9.94222749474206,-3.37974074261025,0.000783223922456061,0.0360057218133439,-0.672792175353695
"CYP3A7","CYP3A7",0.384654145322174,1.29575655310768,3.37941296310544,0.000784137024574789,0.0360057218133439,-0.673803046638187
"C1orf112","C1orf112",-0.233939271550928,7.52797734999071,-3.37938280450486,0.00078422108778181,0.0360057218133439,-0.673896051010566
"PRR19","PRR19",-0.296076549911711,5.27941669801812,-3.37803699787272,0.000787980902800702,0.0360653164656066,-0.678045502649018
"ORC6L","ORC6L",-0.352089703978898,6.8751342681201,-3.37751744087292,0.000789436887493317,0.0360653164656066,-0.679647003414104
"TUBG1","TUBG1",-0.196708123174537,9.97795973560749,-3.37583610865905,0.000794165767195509,0.0361275770172455,-0.684827994245146
"C21orf45","C21orf45",-0.207853906032312,7.83971389075378,-3.37563814819704,0.000794724278528295,0.0361275770172455,-0.685437843823046
"GINS4","GINS4",-0.344434039047918,7.17928706867957,-3.37365814614756,0.000800330666749572,0.0362928273535132,-0.691535691369396
"WDFY4","WDFY4",0.437859994257694,8.44302052051633,3.37296137881589,0.00080231230946926,0.036293297124419,-0.693680728201927
"CCNDBP1","CCNDBP1",0.179701205285905,9.84803113164102,3.3687663126443,0.000814340149582655,0.0367470992499173,-0.706586559390626
"THAP3","THAP3",-0.189626603023068,8.13769513652982,-3.36737594312814,0.000818363416599299,0.0368383590782633,-0.710860562156264
"NCOA4","NCOA4",0.158401287546233,12.0207000021345,3.36596674124062,0.000822460047829382,0.0368756837164395,-0.715190742025152
"CASP10","CASP10",0.226943674653799,9.47249410091577,3.3657052238831,0.000823222390104283,0.0368756837164395,-0.715994139850701
"LY86","LY86",0.372517253971995,7.25617065301803,3.36493191247647,0.000825480498333161,0.0368756837164395,-0.718369453654008
"PAQR5","PAQR5",0.411986842971211,7.51284785440279,3.36416350530976,0.000827729993908613,0.0368756837164395,-0.720729188876702
"APH1B","APH1B",0.23866483190898,8.19827503800326,3.36365997445507,0.000829207161946987,0.0368756837164395,-0.722275225590951
"PAPLN","PAPLN",0.334864383933733,8.80498773031868,3.36237086911901,0.000833000092747807,0.0369550956809154,-0.726232279312172
"TTF2","TTF2",-0.179091587515551,8.38899519901219,-3.3616322521379,0.000835180591455857,0.0369627641088793,-0.728498896442074
"IL2RG","IL2RG",0.360438368564245,9.58900057513416,3.35741488824757,0.00084773289639201,0.0374283221953796,-0.74143177169282
"KLHL17","KLHL17",-0.304690808734777,7.22654444872784,-3.35600800478892,0.000851959146151712,0.0374471712627254,-0.745742651076367
"ATAD3A","ATAD3A",-0.214977326611216,9.59104950363567,-3.35567901197239,0.000852950257440169,0.0374471712627254,-0.746750480948522
"CASS4","CASS4",0.377520245662433,6.29393296173352,3.35504041479452,0.000854877133234217,0.0374471712627254,-0.748706477953765
"SLC26A9","SLC26A9",0.755741674512383,8.53771483094396,3.35457115292135,0.000856295643995839,0.0374471712627254,-0.750143581910283
"PIK3IP1","PIK3IP1",0.249286894081149,9.94767669313464,3.35295754918024,0.000861190059931946,0.0375719672829551,-0.755083746402812
"LRRC4C","LRRC4C",0.369978486198742,3.79488518742515,3.35160056553462,0.000865326219695241,0.0376295859843327,-0.759236497826235
"C19orf45","C19orf45",-0.453460105771822,2.06504535996964,-3.35118438062938,0.000866598471422359,0.0376295859843327,-0.760509819858084
"HSPB3","HSPB3",0.362486806182152,1.69135544213646,3.35045243246281,0.000868840213296493,0.0376344877796143,-0.762748857560349
"MRPS24","MRPS24",-0.194631280961037,10.278828160394,-3.34981410644721,0.000870799619472906,0.0376344877796143,-0.764701123822102
"VILL","VILL",0.503764423165609,7.60395836311431,3.34794505900694,0.000876560507812602,0.0377689143431728,-0.770415410449316
"CA2","CA2",0.464937705907511,8.02981443701994,3.3466500358339,0.000880572869088623,0.0377689143431728,-0.774372936592882
"FCHSD2","FCHSD2",0.156633081997075,9.76148242576787,3.34609379948029,0.000882301489937645,0.0377689143431728,-0.776072319414443
"CCR6","CCR6",0.374824331569838,6.47010542549768,3.34593752210338,0.0008827877220856,0.0377689143431728,-0.77654972107843
"PLA2G1B","PLA2G1B",0.768768118001431,4.1324823106146,3.34549459059254,0.000884167187111372,0.0377689143431728,-0.777902688543609
"NANOS3","NANOS3",-0.337113835936799,2.29710694432813,-3.34422608506233,0.000888128916138783,0.0378500327833811,-0.781776489732085
"DUOX2","DUOX2",0.699563686040997,5.99005069603094,3.34357210343846,0.000890177839074683,0.0378500327833811,-0.783773092242385
"SLAMF8","SLAMF8",0.352729490193748,9.29047975878089,3.34285294183533,0.000892436044121161,0.037858617530679,-0.785968259491112
"PUSL1","PUSL1",-0.222845174980529,8.18524335106735,-3.33971807560956,0.00090234203870409,0.0380493639175877,-0.795531864150762
"PLA2G2D","PLA2G2D",0.652089789226877,6.50562199794381,3.33959481799657,0.000902733606274688,0.0380493639175877,-0.795907714190254
"ITGA6","ITGA6",0.374661964881283,10.2231286051673,3.3394693126233,0.000903132476888046,0.0380493639175877,-0.796290404757889
"B2M","B2M",0.24760240823406,15.7323833182359,3.33841132285279,0.000906501408742831,0.038064813545207,-0.799515879088107
"CD37","CD37",0.347068170741745,9.14298547640063,3.33805640048575,0.000907634194033234,0.038064813545207,-0.800597706403899
"ALDH9A1","ALDH9A1",0.160002298949744,10.8019435387958,3.337329330882,0.000909958850258064,0.0380755736184119,-0.802813521442657
"FGFBP2","FGFBP2",0.424240888844662,2.8940615789417,3.32877299921713,0.000937734963149653,0.0390996794698278,-0.828855218284829
"SELP","SELP",0.432838277797504,6.60624605236196,3.32816539626543,0.000939737063489367,0.0390996794698278,-0.830702071050342
"FLI1","FLI1",0.26355070799058,8.52875815683624,3.32713581308124,0.000943138692773373,0.0390996794698278,-0.833830829556372
"SASH3","SASH3",0.323828434638935,8.91388285023727,3.3271339100588,0.000943144990729401,0.0390996794698278,-0.833836611719864
"FLAD1","FLAD1",-0.187793832904321,10.0860522483746,-3.32655813904803,0.000945052271146237,0.0390996794698278,-0.835585895692751
"LINC00426","LINC00426",0.330084874440091,3.85340446241891,3.32591352590423,0.00094719184767479,0.0391003343218398,-0.837543990700168
"AXL","AXL",0.302313472479374,9.93571946279806,3.32274920998994,0.000957760157012782,0.0394481482119962,-0.847150760621082
"C1orf135","C1orf135",-0.370408286648968,5.38100224718195,-3.32134916137312,0.000962470964415011,0.0394725076920849,-0.851398485843413
"IL13RA2","IL13RA2",0.623297023279367,3.2922345401242,3.32110314766277,0.000963300958125624,0.0394725076920849,-0.852144711272745
"HNMT","HNMT",0.278139989461109,9.86971651239166,3.3206642144049,0.000964783469742991,0.0394725076920849,-0.853475982467327
"MYBL2","MYBL2",-0.504466402597339,9.34944972442885,-3.31852252396171,0.000972047548998326,0.039681524223078,-0.859969258609606
"C3AR1","C3AR1",0.34964210853687,8.5781950192951,3.31678586799992,0.000977975117627655,0.0398351767492096,-0.865231600584996
"E4F1","E4F1",-0.187184396135256,8.91864793669562,-3.31516044612974,0.000983553421430694,0.0399739559425177,-0.870154506678738
"HIST1H2BF","HIST1H2BF",-0.359084221501572,1.21515654306718,-3.31221976903454,0.000993720726806581,0.0402982209278325,-0.879055072955051
"TM6SF1","TM6SF1",0.290374821804039,6.85802386588644,3.30809492052372,0.00100814681511337,0.040793386841873,-0.891527088289182
"TRIP13","TRIP13",-0.41001908197774,8.26384651258599,-3.30515157815158,0.0010185593702273,0.0410739190109206,-0.900417606354991
"SLC29A2","SLC29A2",-0.275108006305175,8.72709614990561,-3.30401144140916,0.00102261955178046,0.0410739190109206,-0.903859420674256
"SAMD10","SAMD10",-0.240277578845071,7.84040312874244,-3.30393286689434,0.00102289991897037,0.0410739190109206,-0.904096577609467
"TACC1","TACC1",0.265638776078825,10.7787019047462,3.30362377019142,0.00102400352104788,0.0410739190109206,-0.905029454201396
"FAM131A","FAM131A",-0.162675087808443,8.60405378246655,-3.3007484174149,0.00103432280724611,0.0413976460961045,-0.913703491941217
"LY9","LY9",0.388119157288353,6.27339922883211,3.2992391619553,0.00103977789013254,0.0415257065840134,-0.91825355967607
"MS4A7","MS4A7",0.346007980383199,8.93343562776086,3.29813541391306,0.00104378419150976,0.0415954778136064,-0.921579856735838
"REPS2","REPS2",0.306170600509116,8.3855257456556,3.29660209173496,0.00104937350843174,0.0417144671938622,-0.926198973057371
"DOCK8","DOCK8",0.308422764266155,9.656802519594,3.29499223211117,0.00105527170483011,0.0417144671938622,-0.931046452861126
"CDC42SE2","CDC42SE2",0.162862642921876,10.9419991711054,3.29490143871506,0.00105560526802508,0.0417144671938622,-0.93131977535166
"DAGLA","DAGLA",-0.290013608726997,7.82595129055578,-3.29483946191175,0.00105583301897451,0.0417144671938622,-0.931506344864107
"PIK3CG","PIK3CG",0.379688088098558,6.90133529096115,3.29091931289871,0.00107033170574433,0.0421967388318178,-0.943300413767241
"ARHGAP30","ARHGAP30",0.291120853592724,9.45070619502873,3.28869346809982,0.00107864600852311,0.0424336573993994,-0.949991076674748
"RUSC1","RUSC1",-0.171228003455089,10.1371430753732,-3.2849575343764,0.00109273583195326,0.0428256860534929,-0.961211205180109
"HCK","HCK",0.357747119761398,9.08951943670295,3.28481851895299,0.00109326339933418,0.0428256860534929,-0.961628475342161
"FKBP9","FKBP9",-0.18278648171051,11.6018757770699,-3.28381670609599,0.00109707229922726,0.0428836477729788,-0.964635029156693
"UBE2T","UBE2T",-0.343057428386888,8.20695862556124,-3.28238244172814,0.00110254681331992,0.042903799294844,-0.968937895712941
"MAGED4B","MAGED4B",-0.526277952596809,7.88978319272624,-3.28170465868304,0.00110514268360823,0.042903799294844,-0.970970655462191
"CELF2","CELF2",0.317041181246037,10.1690764259745,3.28112894280027,0.00110735209393392,0.042903799294844,-0.97269698784527
"GPR172A","GPR172A",-0.216076391434326,10.7532007512429,-3.28083752820965,0.00110847200941219,0.042903799294844,-0.973570708773801
"BTK","BTK",0.351247471986338,7.73525646497836,3.28055051416581,0.00110957604019711,0.042903799294844,-0.974431163573039
"FAM134B","FAM134B",0.454418569460749,7.31127286191862,3.27945586624833,0.00111379609170023,0.042903799294844,-0.977712207845007
"FRAS1","FRAS1",0.513532034883897,7.48282825316708,3.2792625960261,0.0011145427251814,0.042903799294844,-0.978291398047967
"GIMAP5","GIMAP5",0.303954621283026,8.55917867042832,3.27792944247392,0.00111970556609331,0.042903799294844,-0.982285691499468
"CDC20","CDC20",-0.407973328075517,8.93083067065621,-3.27671578081039,0.00112442493387058,0.042903799294844,-0.985920624584133
"SEMA5B","SEMA5B",-0.444575216570339,4.96561022154125,-3.27645442551584,0.00112544363434794,0.042903799294844,-0.986703219114967
"JPH3","JPH3",-0.643217345933101,3.31908850987847,-3.27643531129872,0.00112551817057321,0.042903799294844,-0.986760451821105
"MTBP","MTBP",-0.291350619995425,6.39753379031914,-3.27642667557438,0.00112555184723316,0.042903799294844,-0.986786309216797
"MAPK7","MAPK7",-0.162488564694071,8.69215400503664,-3.27462482256655,0.00113259899110223,0.0430115916397949,-0.992180059502935
"SCNM1","SCNM1",-0.176460332571615,9.14116986881531,-3.27383551185125,0.00113569889572622,0.0430115916397949,-0.994541926818319
"C1QB","C1QB",0.386485791499732,11.8020904558809,3.27376849145254,0.00113596247075633,0.0430115916397949,-0.994742448019246
"DRAP1","DRAP1",-0.18794357413493,10.2927218062668,-3.27137268131797,0.00114542195115713,0.0430115916397949,-1.00190800146519
"MOBKL2B","MOBKL2B",0.295795089712142,8.04564139309765,3.27065968241802,0.00114825118531552,0.0430115916397949,-1.00403952072532
"SRRM3","SRRM3",-0.399508173035297,6.01472852639871,-3.26963761598815,0.00115231812480498,0.0430115916397949,-1.00709422776095
"RASGRF1","RASGRF1",0.651014429587189,6.78377602780847,3.26963366420685,0.00115233387535712,0.0430115916397949,-1.00710603690186
"DONSON","DONSON",-0.215618860151917,8.01732191072429,-3.2696161882779,0.00115240353128347,0.0430115916397949,-1.00715826020218
"ART4","ART4",0.42235256479729,2.84268359580535,3.26960158330756,0.0011524617470766,0.0430115916397949,-1.00720190401547
"PARP11","PARP11",0.24187641699569,7.38216131263288,3.26960040017556,0.00115246646319101,0.0430115916397949,-1.00720543954291
"FYB","FYB",0.35162354219481,9.01604442192303,3.26904811446285,0.001154669898752,0.0430115916397949,-1.00885568949286
"IL16","IL16",0.31082502215872,8.87238764205994,3.26861165605712,0.00115641398412354,0.0430115916397949,-1.01015965495482
"ZC3H3","ZC3H3",-0.187792940377985,9.35679460626771,-3.26723171297932,0.00116194430888144,0.0430507152156804,-1.01428128681589
"RAD54L","RAD54L",-0.397792165999579,6.76794384423533,-3.26599068237086,0.00116693885025649,0.0430507152156804,-1.01798659410065
"IRF2","IRF2",0.125261344957936,9.76508569001198,3.26550763469919,0.00116888825562549,0.0430507152156804,-1.01942845148475
"LOH3CR2A","LOH3CR2A",0.314031776158445,5.16803065128712,3.26540732050549,0.00116929346569567,0.0430507152156804,-1.01972785553247
"PTCD1","PTCD1",-0.171959135683603,8.78809422633687,-3.26531888777657,0.00116965078965018,0.0430507152156804,-1.01999179013124
"RINT1","RINT1",-0.152789192019989,8.98303099013561,-3.26469886317913,0.00117215892370029,0.0430507152156804,-1.02184211181009
"HIST3H2A","HIST3H2A",-0.596554847814432,4.67519490959835,-3.26414257150359,0.00117441348611997,0.0430507152156804,-1.02350195164645
"HIST1H4I","HIST1H4I",-0.225529489417374,0.992782084702833,-3.2622908009397,0.00118194741097592,0.0430507152156804,-1.02902524157331
"CD5","CD5",0.395667135277545,7.3329128961085,3.26205775878723,0.00118289870929602,0.0430507152156804,-1.02972012615191
"NUDT16","NUDT16",0.184261701535574,9.64089298658538,3.26203641096633,0.00118298588842592,0.0430507152156804,-1.02978377866775
"LRMP","LRMP",0.409480557980459,6.70615320429072,3.26198708937202,0.00118318732818067,0.0430507152156804,-1.02993083869357
"DBNDD1","DBNDD1",-0.284324077435287,9.2417295547372,-3.26031192663514,0.00119004795000381,0.0432149365039844,-1.03492433709533
"GAS7","GAS7",0.328974763904085,9.16983592423286,3.25780911856701,0.0012003669023936,0.043423852655931,-1.0423804031513
"CEBPA","CEBPA",0.409271619739964,9.30726847006299,3.25721513731243,0.00120282800057428,0.043423852655931,-1.04414911820417
"TNFSF13","TNFSF13",0.246074593889115,10.3243159061531,3.25720336988111,0.00120287680487343,0.043423852655931,-1.04418415531173
"ITM2B","ITM2B",0.192955558148943,13.5392340856869,3.25647602233254,0.00120589697370819,0.0434476892034081,-1.04634957209016
"TMEM64","TMEM64",0.300784892808162,8.89859206827501,3.25463815647139,0.00121355968850009,0.0436383738769046,-1.05181910162964
"IGF2AS","IGF2AS",-0.373843749886724,0.900576716042799,-3.25126616645655,0.00122773614701724,0.0440620861651744,-1.06184655042635
"PPFIA3","PPFIA3",-0.328703056425417,7.16012699208858,-3.24986977795428,0.0012336516135487,0.0441882487491149,-1.06599615133781
"PRR14","PRR14",-0.143341524141278,9.49794433650465,-3.24912728442595,0.0012368077511574,0.0442024198117548,-1.06820190114626
"UNC13C","UNC13C",0.375773561099765,1.19646557271241,3.24864801086608,0.00123884898282904,0.0442024198117548,-1.0696254391361
"AURKB","AURKB",-0.422731212140179,7.41918778464333,-3.24615644771561,0.00124951094890549,0.0444966075054138,-1.07702264643552
"CLDN2","CLDN2",0.948730929610728,6.80668292335957,3.24538807560075,0.00125281609473531,0.0445281797686715,-1.07930277438947
"SPAG5","SPAG5",-0.344328897404393,9.05817855866617,-3.24200345714686,0.00126747161331878,0.0449622733580194,-1.08934041982442
"ZNF598","ZNF598",-0.185101039338827,9.73328978281596,-3.24039076821802,0.00127451031430871,0.0451250180706493,-1.09411959588893
"PRKCD","PRKCD",0.17340749525795,10.6420521683675,3.23671899849158,0.00129067125516909,0.0454689889326185,-1.10499234801492
"POR","POR",-0.192000075529249,11.5444279392762,-3.23663147102929,0.00129105880392967,0.0454689889326185,-1.10525138840943
"MORF4L2","MORF4L2",-0.145313994226556,12.1756190191795,-3.23570213621591,0.00129518030592637,0.0454689889326185,-1.1080013724583
"ZNF512B","ZNF512B",-0.231455651670246,9.94377741450695,-3.23554152701847,0.00129589382404751,0.0454689889326185,-1.10847655283316
"DAB2","DAB2",0.267783850456319,10.2145867455802,3.2353885568872,0.00129657374339388,0.0454689889326185,-1.10892911121711
"MR1","MR1",0.233295216912609,8.36030572409813,3.23225167036535,0.00131058956078852,0.0458731262427329,-1.11820500473272
"MLH1","MLH1",0.113581110644979,9.32031046610888,3.23113542453612,0.00131561076065162,0.0459336126034271,-1.12150371222978
"BTBD1","BTBD1",0.117307048328114,10.2990157418258,3.23075913064636,0.0013173074496013,0.0459336126034271,-1.12261548306947
"GP1BA","GP1BA",0.412257236695194,4.09249509410401,3.22883868807049,0.00132599821035121,0.0461492496233954,-1.12828755724041
"CR2","CR2",0.664707467665915,6.49730831168652,3.22752989811626,0.00133195137414033,0.0462689749986746,-1.1321512536558
"DCAF6","DCAF6",0.141805531810627,10.5659774536942,3.22670367356383,0.00133572226641911,0.0463125850226783,-1.13458959142118
"RAB26","RAB26",-0.459174669631769,5.30238799988718,-3.22529928655487,0.00134215457119457,0.0464481349816978,-1.13873282195491
"CD200R1","CD200R1",0.355808034766904,4.80953365052056,3.22430005567639,0.00134674863941897,0.0464780842208761,-1.14167970893531
"DUSP27","DUSP27",0.421290550448327,1.42050871642231,3.22401347104562,0.0013480689247704,0.0464780842208761,-1.1425247304528
"HIST1H3D","HIST1H3D",-0.525118358969693,3.3414004201118,-3.2208275779997,0.0013628271045466,0.04683114527429,-1.1519137980164
"UBE2V2","UBE2V2",-0.173029148141415,9.71862034926299,-3.22048336938375,0.00136443051628398,0.04683114527429,-1.15292767571185
"CDK16","CDK16",-0.155752675021952,11.076294012284,-3.21979787726045,0.00136762891411267,0.04683114527429,-1.15494650655916
"IGSF6","IGSF6",0.361790788009262,7.55017291744516,3.21869917298838,0.0013727697660841,0.04683114527429,-1.15818142435901
"ARRDC4","ARRDC4",0.292891529783638,8.67004416807751,3.21853973371808,0.00137351726818483,0.04683114527429,-1.1586507741207
"CYP3A5","CYP3A5",0.705940009606928,4.78622357787832,3.21852824397655,0.00137357115029692,0.04683114527429,-1.15868459621832
"RHOA","RHOA",0.114813594534926,13.4700977197124,3.21705758074555,0.0013804841158649,0.0469152530336082,-1.16301280209334
"COL6A6","COL6A6",0.594300919067233,6.00341908032811,3.21691957052295,0.00138113449265198,0.0469152530336082,-1.16341887324838
"PIK3R5","PIK3R5",0.307544804318422,7.86586165381337,3.21432234546193,0.00139342696476086,0.0472456424460631,-1.17105765189401
"FAM82A1","FAM82A1",0.301487900434406,7.17932995360366,3.21377096367747,0.00139604960166641,0.0472475537063974,-1.17267857880345
"C7orf47","C7orf47",-0.23906713615832,8.26111256448167,-3.21122533685724,0.0014082171286126,0.0475719001007094,-1.18015864869538
"CD52","CD52",0.360251514875248,9.28148915097348,3.20993197822778,0.00141443659782509,0.0476518843188491,-1.1839568825499
"TMEM201","TMEM201",-0.176120965228434,8.41054513574815,-3.20929497501902,0.00141750912987849,0.0476518843188491,-1.18582704572018
"GLT25D2","GLT25D2",0.475504616805568,4.74908106885115,3.20859643890982,0.00142088555527852,0.0476518843188491,-1.18787745394085
"EDNRB","EDNRB",0.366668584168324,7.87588947979023,3.20858565735179,0.00142093772695933,0.0476518843188491,-1.18790909762923
"HLA-DQA2","HLA-DQA2",0.496907344913073,9.18341233850287,3.20757736800299,0.00142582464973042,0.0477288320476121,-1.19086796024577
"FZD7","FZD7",0.277503404812991,8.29744746054141,3.20519536223711,0.00143743141861193,0.0480300360218952,-1.19785451282016
"RFC2","RFC2",-0.183495586170651,9.32762029384141,-3.20106542905249,0.00145776254370201,0.0485997983693183,-1.20995606812928
"SNX25","SNX25",0.271906433013737,9.16549345570583,3.20066204010003,0.00145976256032986,0.0485997983693183,-1.2111372809316
"WDR8","WDR8",-0.14126786519942,8.99315903187479,-3.19764004168652,0.00147482660830599,0.0489804325855992,-1.21998183742687
"ITPR1","ITPR1",0.293465956859245,9.40224801656391,3.19730287065608,0.00147651621775067,0.0489804325855992,-1.22096814857162
"C14orf64","C14orf64",0.502553766938424,4.13578952164858,3.19627139603099,0.00148169619084252,0.049063864333816,-1.22398485688735
"ZNF341","ZNF341",-0.182959296671682,7.78726197156973,-3.19510508840749,0.00148757351300038,0.0490701788956727,-1.22739478373491
"MAMSTR","MAMSTR",-0.352786235316931,4.59033523211327,-3.19468024965135,0.00148971973223504,0.0490701788956727,-1.22863658655552
"C14orf73","C14orf73",0.458737144755094,3.66545840601093,3.19454826291502,0.00149038709108163,0.0490701788956727,-1.22902235135786
"CADM3","CADM3",0.51753734888488,5.46464401263141,3.19412127533265,0.00149254794316315,0.0490701788956727,-1.23027022671227
"SLC37A3","SLC37A3",-0.139174518946117,10.0048898351493,-3.19247899210619,0.00150088604229135,0.049256351024289,-1.23506832826291
"PAFAH1B3","PAFAH1B3",-0.249253641236227,9.49559992077918,-3.19171374744714,0.00150478597850451,0.049296467349193,-1.23730326401323
"GALK1","GALK1",-0.216186121642177,8.82053747499204,-3.19100945315349,0.00150838356474989,0.0493265538376737,-1.23935973818542
"SH3GL1","SH3GL1",-0.152231228796594,10.6779151298819,-3.19022993671344,0.00151237465629854,0.0493693790728942,-1.24163534785154
"MPEG1","MPEG1",0.324543871546691,9.64648878546927,3.18896132238594,0.00151889077572902,0.0494454488941664,-1.24533762328539
"C6","C6",0.703268790154394,4.15146052309592,3.18873106233912,0.00152007626278302,0.0494454488941664,-1.24600945432316
"GM2A","GM2A",0.209798176275839,11.2791332747367,3.18757337584285,0.00152604954221116,0.0494655799462099,-1.24938653944673
"GCET2","GCET2",0.27390030727906,5.02697762968354,3.18756968458177,0.00152606862253257,0.0494655799462099,-1.24939730534114
"POP7","POP7",-0.196744944215876,9.0787139335335,-3.18679223485068,0.00153009221626823,0.0494972530546521,-1.25166454146629
"MYPOP","MYPOP",-0.148410244444133,7.25738994889323,-3.18634279674431,0.00153242269519047,0.0494972530546521,-1.25297497302116
"ALOX5","ALOX5",0.342623546713342,9.59016432274615,3.18538554494672,0.00153739728305562,0.049570965636317,-1.25576545301389
"AKAP7","AKAP7",0.24764370081449,6.4463306880126,3.18383273060612,0.00154549859178197,0.0497450604428283,-1.26029034820234
"ZNF775","ZNF775",-0.213305538133613,6.21923765331903,-3.18279591387335,0.0015509297853644,0.0498204353533536,-1.26331045286263
"KCNE1L","KCNE1L",0.329991392733962,2.2450403928642,3.18235354984248,0.00155325239763321,0.0498204353533536,-1.26459871202658
